{
  "overall": "FAIL",
  "score": "3/5",
  "tests": [
    {
      "test": "frequency_coverage",
      "passed": false,
      "details": {
        "sub_bass": 11.897249236896778,
        "bass": 9.016848504501972,
        "low_mid": 9.61953762041424,
        "mid": 22.420110083297264,
        "high_mid": 24.03521517906192,
        "high": 23.011039375827817
      },
      "checks": {
        "has_sub_bass": false,
        "has_bass": false,
        "has_mids": true,
        "has_highs": true,
        "not_too_mid_heavy": true
      }
    },
    {
      "test": "dynamic_range",
      "passed": false,
      "details": {
        "crest_factor_db": 15.560230255126953,
        "rms_level": 0.14670899510383606,
        "peak_level": 0.8799707293510437
      },
      "checks": {
        "has_dynamics": 