{
  "overall": "PASS",
  "score": "5/5",
  "tests": [
    {
      "test": "frequency_coverage",
      "passed": true,
      "details": {
        "sub_bass": 18.186760008229143,
        "bass": 30.664524607381544,
        "low_mid": 6.255694888548187,
        "mid": 11.813634802184392,
        "high_mid": 14.4762136424234,
        "high": 18.60317205123333
      },
      "checks": {
        "has_sub_bass": true,
        "has_bass": true,
        "has_mids": true,
        "has_highs": true,
        "not_too_mid_heavy": true
      }
    },
    {
      "test": "dynamic_range",
      "passed": true,
      "details": {
        "crest_factor_db": 12.713798522949219,
        "rms_level": 0.20360024273395538,
        "peak_level": 0.8799707293510437
      },
      "checks": {
        "has_dynamics": 